<?xml version="1.0" encoding="UTF-8"?>
<!DOCTYPE tiles-definitions PUBLIC
       "-//Apache Software Foundation//DTD Tiles Configuration 3.0//EN"
       "http://tiles.apache.org/dtds/tiles-config_3_0.dtd">
<tiles-definitions>
<!-- survey -->
	<definition name="survey.*" template="/WEB-INF/view/inc/layout.jsp">
		<put-attribute name="header" value="/WEB-INF/view/inc/header.jsp" />
		<put-attribute name="main" value="/WEB-INF/view/survey/{1}.jsp" />
		<put-attribute name="footer" value="/WEB-INF/view/inc/footer.jsp" />
	</definition>

<!-- main- -->
	<definition name="main.*" template="/WEB-INF/view/inc/layout.jsp">
		<put-attribute name="header" value="/WEB-INF/view/inc/header.jsp" />
		<put-attribute name="main" value="/WEB-INF/view/main/{1}.jsp" />
		<put-attribute name="footer" value="/WEB-INF/view/inc/footer.jsp" />
	</definition>
	
	<!-- restaurant -->
		<definition name="restaurant.*" template="/WEB-INF/view/inc/layout.jsp">
		<put-attribute name="header" value="/WEB-INF/view/inc/header.jsp" />
		<put-attribute name="main" value="/WEB-INF/view/restaurant/{1}.jsp" />
		<put-attribute name="footer" value="/WEB-INF/view/inc/footer.jsp" />
	</definition>
	
</tiles-definitions>